{
   "creator": "Yosys 0.58+138 (git sha1 3d5b1e0a9, clang++ 18.1.8 -fPIC -O3)",
   "invocation": "stat -json -liberty /opt/tools/r2g_synth_1107/lib_ics55/ics55_LLSC_H7CL_ss_rcworst_1p08_125_nldm.lib ",
   "modules": {
      "\\CoreMiniAxi": {
         "num_wires":         53594,
         "num_wire_bits":     60776,
         "num_pub_wires":     454,
         "num_pub_wire_bits": 7504,
         "num_ports":         110,
         "num_port_bits":     1360,
         "num_memories":      0,
         "num_memory_bits":   0,
         "num_processes":     0,
         "num_cells":         58660,
         "num_submodules":       0,
         "area":              128616.040000,
         "sequential_area":    35532.560000,
         "num_cells_by_type": {
            "$_DLATCH_N_": 2,
            "$mem_v2": 9,
            "AND2X0P5H7L": 14,
            "AND2X0P7H7L": 8,
            "AND2X1H7L": 463,
            "AND2X1P4H7L": 82,
            "AND3X1P4H7L": 245,
            "AND3X3H7L": 2,
            "AND3X8H7L": 1,
            "AND4X0P5H7L": 115,
            "AND4X1P4H7L": 1,
            "AND4X6H7L": 2,
            "AO211X0P7H7L": 2,
            "AO211X1H7L": 16,
            "AO211X1P4H7L": 72,
            "AO21X1H7L": 466,
            "AO21X1P4H7L": 2,
            "AO221X0P7H7L": 40,
            "AO222X0P5H7L": 332,
            "AO222X1H7L": 2,
            "AO222X1P4H7L": 1,
            "AO22X0P7H7L": 406,
            "AO22X1P4H7L": 1,
            "AO31X0P5H7L": 24,
            "AOA211X0P5H7L": 12,
            "AOA211X0P7H7L": 2,
            "AOA211X1H7L": 75,
            "AOA211X1P4H7L": 41,
            "AOAI211X0P5H7L": 1035,
            "AOAI211X0P7H7L": 5,
            "AOAI211X1H7L": 5,
            "AOAI211X1P4H7L": 63,
            "AOAI211X2H7L": 5,
            "AOAI211X4H7L": 1,
            "AOI211X0P5H7L": 517,
            "AOI211X1P4H7L": 7,
            "AOI211X2H7L": 14,
            "AOI211X3H7L": 9,
            "AOI211X4H7L": 1,
            "AOI21BX0P5H7L": 98,
            "AOI21BX2H7L": 2,
            "AOI21BX3H7L": 1,
            "AOI21X0P5H7L": 4078,
            "AOI21X0P7H7L": 10,
            "AOI21X1H7L": 14,
            "AOI21X1P4H7L": 16,
            "AOI21X2H7L": 1,
            "AOI221X0P5H7L": 240,
            "AOI221X0P7H7L": 1,
            "AOI221X1P4H7L": 3,
            "AOI222X0P5H7L": 1154,
            "AOI222X1P4H7L": 1,
            "AOI22X0P5H7L": 1300,
            "AOI22X1P4H7L": 9,
            "AOI22X3H7L": 1,
            "AOI22X6H7L": 1,
            "AOI2BB1X0P5H7L": 460,
            "AOI2BB1X1P4H7L": 4,
            "AOI2BB1X4H7L": 1,
            "AOI2BB2X0P5H7L": 79,
            "AOI2BB2X3H7L": 1,
            "AOI2XB1X0P5H7L": 134,
            "AOI31X0P5H7L": 437,
            "AOI31X0P7H7L": 1,
            "AOI31X1H7L": 1,
            "AOI31X1P4H7L": 39,
            "AOI32X0P5H7L": 322,
            "AOI32X1P4H7L": 1,
            "AOI33X0P5H7L": 3,
            "BUFX0P5H7L": 334,
            "BUFX0P7H7L": 103,
            "BUFX10H7L": 3,
            "BUFX16H7L": 1,
            "BUFX1H7L": 320,
            "BUFX1P4H7L": 1522,
            "BUFX2P5H7L": 2,
            "BUFX3H7L": 48,
            "BUFX3P5H7L": 5,
            "BUFX4H7L": 1,
            "BUFX5H7L": 4,
            "BUFX7H7L": 7,
            "BUFX8H7L": 1,
            "DFFQX1H7L": 298,
            "DFFRQX2H7L": 4296,
            "DFFSQX2H7L": 2,
            "INVX0P5H7L": 905,
            "INVX0P7H7L": 21,
            "INVX1H7L": 10,
            "INVX1P4H7L": 33,
            "INVX2P5H7L": 3,
            "INVX5H7L": 1,
            "MUX2X0P5H7L": 1255,
            "MUX4X1P4H7L": 9,
            "MUXI2X0P5H7L": 26,
            "NAND2BX0P5H7L": 2188,
            "NAND2BX0P7H7L": 13,
            "NAND2BX1H7L": 11,
            "NAND2BX1P4H7L": 24,
            "NAND2X0P5H7L": 7018,
            "NAND2X0P7H7L": 32,
            "NAND2X1H7L": 34,
            "NAND2X1P4H7L": 29,
            "NAND3BBX0P5H7L": 16,
            "NAND3BBX1H7L": 1,
            "NAND3BX0P5H7L": 138,
            "NAND3BX0P7H7L": 1,
            "NAND3BX2H7L": 5,
            "NAND3X0P5H7L": 1276,
            "NAND3X0P7H7L": 2,
            "NAND3X1H7L": 4,
            "NAND3X1P4H7L": 23,
            "NAND3X3H7L": 1,
            "NAND3X6H7L": 1,
            "NAND4BBX0P5H7L": 6,
            "NAND4BBX2H7L": 1,
            "NAND4BX0P5H7L": 58,
            "NAND4BX1P4H7L": 6,
            "NAND4X0P5H7L": 310,
            "NAND4X0P7H7L": 4,
            "NAND4X1H7L": 6,
            "NAND4X1P4H7L": 22,
            "NAND4X6H7L": 8,
            "NOR2BX1H7L": 1595,
            "NOR2BX1P4H7L": 685,
            "NOR2BX2H7L": 1,
            "NOR2X0P5H7L": 4913,
            "NOR2X0P7H7L": 25,
            "NOR2X1H7L": 49,
            "NOR2X1P4H7L": 37,
            "NOR3BX0P5H7L": 77,
            "NOR3BX1H7L": 1,
            "NOR3BX1P4H7L": 3,
            "NOR3X0P5H7L": 719,
            "NOR3X0P7H7L": 16,
            "NOR3X1H7L": 8,
            "NOR3X1P4H7L": 24,
            "NOR3X2H7L": 1,
            "NOR3X3H7L": 1,
            "NOR3X6H7L": 1,
            "NOR4BBX0P5H7L": 10,
            "NOR4BBX2H7L": 1,
            "NOR4BBX4H7L": 7,
            "NOR4BX0P5H7L": 56,
            "NOR4BX0P7H7L": 2,
            "NOR4BX1P4H7L": 3,
            "NOR4BX2H7L": 1,
            "NOR4X0P5H7L": 226,
            "NOR4X0P7H7L": 6,
            "NOR4X1H7L": 12,
            "NOR4X1P4H7L": 27,
            "NOR4X2H7L": 11,
            "NOR4X6H7L": 1,
            "OA211X0P5H7L": 6,
            "OA211X0P7H7L": 40,
            "OA211X1H7L": 4,
            "OA211X1P4H7L": 40,
            "OA21X0P7H7L": 234,
            "OA21X1H7L": 1,
            "OA21X1P4H7L": 4,
            "OA221X0P5H7L": 39,
            "OA221X4H7L": 1,
            "OA222X1H7L": 95,
            "OA22X0P5H7L": 107,
            "OA31X0P7H7L": 2,
            "OA31X1H7L": 38,
            "OA31X1P4H7L": 21,
            "OA31X3H7L": 1,
            "OA31X4H7L": 1,
            "OAI211X0P7H7L": 521,
            "OAI211X1H7L": 72,
            "OAI211X1P4H7L": 1039,
            "OAI21BX0P5H7L": 39,
            "OAI21BX0P7H7L": 1,
            "OAI21X0P5H7L": 4255,
            "OAI21X0P7H7L": 13,
            "OAI21X1H7L": 7,
            "OAI21X1P4H7L": 14,
            "OAI221X0P5H7L": 197,
            "OAI221X0P7H7L": 2,
            "OAI221X1H7L": 2,
            "OAI221X1P4H7L": 8,
            "OAI222X0P5H7L": 296,
            "OAI22X0P5H7L": 726,
            "OAI22X1H7L": 5,
            "OAI22X1P4H7L": 1,
            "OAI2BB1X0P5H7L": 1400,
            "OAI2BB1X1P4H7L": 5,
            "OAI2BB2X0P5H7L": 164,
            "OAI2BB2X1H7L": 1,
            "OAI2BB2X1P4H7L": 3,
            "OAI2XB1X0P5H7L": 141,
            "OAI2XB1X1P4H7L": 1,
            "OAI2XB1X2H7L": 1,
            "OAI31X0P5H7L": 198,
            "OAI31X0P7H7L": 7,
            "OAI31X1H7L": 4,
            "OAI31X1P4H7L": 2,
            "OAI31X2H7L": 1,
            "OAI31X4H7L": 2,
            "OAI32X0P5H7L": 75,
            "OAI33X0P7H7L": 17,
            "OAO211X0P5H7L": 45,
            "OAO211X1H7L": 1,
            "OAO211X1P4H7L": 1,
            "OAO211X2H7L": 1,
            "OAO211X4H7L": 2,
            "OAOI211X0P5H7L": 209,
            "OAOI211X0P7H7L": 2,
            "OAOI211X1H7L": 2,
            "OAOI211X1P4H7L": 30,
            "OAOI211X2H7L": 4,
            "OAOI211X3H7L": 1,
            "OAOI211X4H7L": 1,
            "OR2X0P5H7L": 549,
            "OR2X0P7H7L": 17,
            "OR2X1P4H7L": 750,
            "OR2X8H7L": 1,
            "OR3X1H7L": 201,
            "OR3X8H7L": 1,
            "OR4X0P7H7L": 1,
            "OR4X1P4H7L": 62,
            "XNOR2X0P5H7L": 3028,
            "XNOR2X0P7H7L": 7,
            "XNOR2X1H7L": 33,
            "XNOR2X1P4H7L": 71,
            "XNOR2X3H7L": 3,
            "XNOR2X4H7L": 3,
            "XNOR3X0P7H7L": 79,
            "XNOR3X1P4H7L": 5,
            "XNOR3X3H7L": 1,
            "XNOR3X4H7L": 2,
            "XOR2X0P5H7L": 2111,
            "XOR2X0P7H7L": 6,